Rank,Athlete(s),Year,Team,Time/Distance/Points,Meet,Meet Date,Wind,Event,Conference,Gender
1,"Schorr, Will",SO-2,Wis.-Superior,11.28,Rex Foster Twilight,"Apr 7, 2023",0.2,100 Meters,UMAC Outdoor Performance List,Men
2,"Westimayer, Ethan",JR-3,Wis.-Superior,11.34,Rex Foster Twilight,"Apr 7, 2023",1.9,100 Meters,UMAC Outdoor Performance List,Men
3,"Boss, Izayah",FR-1,Minnesota-Morris,11.37,St Thomas Tomcat Invitational,"Apr 7, 2023",1.5,100 Meters,UMAC Outdoor Performance List,Men
4,"Shevchuk, John",SO-2,Northwestern (Minn.),11.57,SMU Cardinal Invitational,"Apr 15, 2023",-0.5,100 Meters,UMAC Outdoor Performance List,Men
5,"Omeja, Jackson",SO-2,North Central (Minn.),11.59,St Thomas Tomcat Invitational,"Apr 7, 2023",2.4,100 Meters,UMAC Outdoor Performance List,Men
6,"Bowe, Ethan",FR-1,Wis.-Superior,11.60,SMU Cardinal Invitational,"Apr 15, 2023",-0.5,100 Meters,UMAC Outdoor Performance List,Men
7,"Vandergon, Duncan",SO-2,Minnesota-Morris,11.69,St Thomas Tomcat Invitational,"Apr 7, 2023",2.9,100 Meters,UMAC Outdoor Performance List,Men
8,"Raasch, Eric Martin",SO-2,Martin Luther,11.80,SMU Cardinal Invitational,"Apr 15, 2023",-0.5,100 Meters,UMAC Outdoor Performance List,Men
9,"Pearson, Steven",JR-3,Wis.-Superior,11.90,SMU Cardinal Invitational,"Apr 15, 2023",-1.7,100 Meters,UMAC Outdoor Performance List,Men
10,"Juaire, Nehemiah",SO-2,North Central (Minn.),12.00,Bethel Invitational,"Apr 15, 2023",1.5,100 Meters,UMAC Outdoor Performance List,Men
11,"Diakite, Sean",FR-1,Minnesota-Morris,12.10,St Thomas Tomcat Invitational,"Apr 7, 2023",0.4,100 Meters,UMAC Outdoor Performance List,Men
12,"DeFoe, Ethan",FR-1,Wis.-Superior,12.12,Rex Foster Twilight,"Apr 7, 2023",2.1,100 Meters,UMAC Outdoor Performance List,Men
13,"Longua, James",SO-2,Minnesota-Morris,12.13,St Thomas Tomcat Invitational,"Apr 7, 2023",1.5,100 Meters,UMAC Outdoor Performance List,Men
14,"Kudrle, Matt",SO-2,Minnesota-Morris,12.21,SMU Cardinal Invitational,"Apr 15, 2023",0.9,100 Meters,UMAC Outdoor Performance List,Men
15,"Hillmer, Matthew",SO-2,Martin Luther,12.27,SMU Cardinal Invitational,"Apr 15, 2023",0.3,100 Meters,UMAC Outdoor Performance List,Men
16,"Lange, Erik",JR-3,North Central (Minn.),12.31,Bethel Invitational,"Apr 15, 2023",1.5,100 Meters,UMAC Outdoor Performance List,Men
17,"Bolarinwa, Moudjibou",FR-1,Bethany Lutheran,12.32,Norse Invite,"Apr 15, 2023",0.5,100 Meters,UMAC Outdoor Performance List,Men
17,"Welch, Joshua",JR-3,Minnesota-Morris,12.32,SMU Cardinal Invitational,"Apr 15, 2023",0.3,100 Meters,UMAC Outdoor Performance List,Men
19,"Holstad, Matthew",FR-1,North Central (Minn.),12.38,St Thomas Tomcat Invitational,"Apr 7, 2023",0.4,100 Meters,UMAC Outdoor Performance List,Men
20,"Gare, Keegan",FR-1,North Central (Minn.),12.39,St Thomas Tomcat Invitational,"Apr 7, 2023",1.5,100 Meters,UMAC Outdoor Performance List,Men
21,"Lundt, Caleb",FR-1,North Central (Minn.),12.43,St Thomas Tomcat Invitational,"Apr 7, 2023",0.4,100 Meters,UMAC Outdoor Performance List,Men
22,"Anfield, Isaiah",SR-4,Crown,12.50,Bethel Invitational,"Apr 15, 2023",0.5,100 Meters,UMAC Outdoor Performance List,Men
23,"Fronk, Nathan",FR-1,Minnesota-Morris,12.78,St Thomas Tomcat Invitational,"Apr 7, 2023",0.4,100 Meters,UMAC Outdoor Performance List,Men
24,"Laumb, Evan",SO-2,Crown,13.09,Bethel Invitational,"Apr 15, 2023",-0.9,100 Meters,UMAC Outdoor Performance List,Men
25,"Pliego Flores, Darcy",FR-1,North Central (Minn.),13.42,St Thomas Tomcat Invitational,"Apr 7, 2023",1.5,100 Meters,UMAC Outdoor Performance List,Men
1,"Witbrod, Stephanie",SO-2,Bethany Lutheran,13.58,Norse Invite,"Apr 15, 2023",-0.9,100 Meters,UMAC Outdoor Performance List,Women
2,"Lynch, MacKenzie",SR-4,Martin Luther,13.61,SMU Cardinal Invitational,"Apr 15, 2023",-1.0,100 Meters,UMAC Outdoor Performance List,Women
3,"Schmitz, Cora",FR-1,Wis.-Superior,13.63,SMU Cardinal Invitational,"Apr 15, 2023",0.3,100 Meters,UMAC Outdoor Performance List,Women
4,"Claude, Colleen",FR-1,Wis.-Superior,13.71,SMU Cardinal Invitational,"Apr 15, 2023",0.1,100 Meters,UMAC Outdoor Performance List,Women
5,"Peters, Kim",SO-2,Minnesota-Morris,13.85,St Thomas Tomcat Invitational,"Apr 7, 2023",0.8,100 Meters,UMAC Outdoor Performance List,Women
6,"Pankow, Maia",SO-2,Martin Luther,14.07,SMU Cardinal Invitational,"Apr 15, 2023",-1.0,100 Meters,UMAC Outdoor Performance List,Women
7,"Lanes, Serena",SO-2,North Central (Minn.),14.08,St Thomas Tomcat Invitational,"Apr 7, 2023",0.7,100 Meters,UMAC Outdoor Performance List,Women
8,"Brueckner, Ruth",FR-1,Crown,14.11,Bethel Invitational,"Apr 15, 2023",0.2,100 Meters,UMAC Outdoor Performance List,Women
9,"Williams, Samdi",FR-1,North Central (Minn.),14.21,St Thomas Tomcat Invitational,"Apr 7, 2023",0.8,100 Meters,UMAC Outdoor Performance List,Women
10,"Landwer, Maggie",SO-2,Minnesota-Morris,14.31,SMU Cardinal Invitational,"Apr 15, 2023",0.1,100 Meters,UMAC Outdoor Performance List,Women
11,"Warden, Winona",FR-1,Northwestern (Minn.),14.45,SMU Cardinal Invitational,"Apr 15, 2023",0.1,100 Meters,UMAC Outdoor Performance List,Women
12,"Miller, Nakima",SO-2,North Central (Minn.),14.92,St Thomas Tomcat Invitational,"Apr 7, 2023",-0.3,100 Meters,UMAC Outdoor Performance List,Women
13,"Widiker, Janae",FR-1,Wis.-Superior,15.45,SMU Cardinal Invitational,"Apr 15, 2023",0.3,100 Meters,UMAC Outdoor Performance List,Women
14,"Matthews, Gabrielle",FR-1,Crown,15.75,Bethel Invitational,"Apr 15, 2023",0.2,100 Meters,UMAC Outdoor Performance List,Women
15,"Anderson, Miriam",SO-2,North Central (Minn.),15.82,St Thomas Tomcat Invitational,"Apr 7, 2023",-0.3,100 Meters,UMAC Outdoor Performance List,Women
16,"Rader, Jordan",FR-1,Wis.-Superior,16.12,SMU Cardinal Invitational,"Apr 15, 2023",0.3,100 Meters,UMAC Outdoor Performance List,Women
1,"Westimayer, Ethan",JR-3,Wis.-Superior,22.55,SMU Cardinal Invitational,"Apr 15, 2023",-1.3,200 Meters,UMAC Outdoor Performance List,Men
2,"Schorr, Will",SO-2,Wis.-Superior,22.70,SMU Cardinal Invitational,"Apr 15, 2023",+0.0,200 Meters,UMAC Outdoor Performance List,Men
3,"Matheson, Iain",SO-2,Wis.-Superior,22.82,SMU Cardinal Invitational,"Apr 15, 2023",+0.0,200 Meters,UMAC Outdoor Performance List,Men
4,"Bowe, Ethan",FR-1,Wis.-Superior,23.18,SMU Cardinal Invitational,"Apr 15, 2023",+0.0,200 Meters,UMAC Outdoor Performance List,Men
5,"Pearson, Steven",JR-3,Wis.-Superior,23.43,Rex Foster Twilight,"Apr 7, 2023",2.4,200 Meters,UMAC Outdoor Performance List,Men
6,"Shevchuk, John",SO-2,Northwestern (Minn.),23.52,SMU Cardinal Invitational,"Apr 15, 2023",-0.9,200 Meters,UMAC Outdoor Performance List,Men
7,"Kroells, Garrett",FR-1,Wis.-Superior,23.86,Rex Foster Twilight,"Apr 7, 2023",2.6,200 Meters,UMAC Outdoor Performance List,Men
8,"Omeja , Jackson",SO-2,North Central (Minn.),24.01,Bethel Invitational,"Apr 15, 2023",-0.9,200 Meters,UMAC Outdoor Performance List,Men
9,"Vandergon, Duncan",SO-2,Minnesota-Morris,24.06,St Thomas Tomcat Invitational,"Apr 7, 2023",0.4,200 Meters,UMAC Outdoor Performance List,Men
10,"Hillmer, Matthew",SO-2,Martin Luther,24.34,SMU Cardinal Invitational,"Apr 15, 2023",-1.2,200 Meters,UMAC Outdoor Performance List,Men
11,"Diakite, Sean",FR-1,Minnesota-Morris,24.74,SMU Cardinal Invitational,"Apr 15, 2023",-1.2,200 Meters,UMAC Outdoor Performance List,Men
12,"DeFoe, Ethan",FR-1,Wis.-Superior,24.81,Rex Foster Twilight,"Apr 7, 2023",2.6,200 Meters,UMAC Outdoor Performance List,Men
13,"Rogers, Gauge",FR-1,Minnesota-Morris,24.87,SMU Cardinal Invitational,"Apr 15, 2023",-1.2,200 Meters,UMAC Outdoor Performance List,Men
14,"Juaire, Nehemiah",SO-2,North Central (Minn.),24.91,Bethel Invitational,"Apr 15, 2023",-0.4,200 Meters,UMAC Outdoor Performance List,Men
15,"Felsing, Joshua",FR-1,Martin Luther,24.95,SMU Cardinal Invitational,"Apr 15, 2023",-1.2,200 Meters,UMAC Outdoor Performance List,Men
16,"Lange, Erik",JR-3,North Central (Minn.),24.96,St Thomas Tomcat Invitational,"Apr 7, 2023",0.7,200 Meters,UMAC Outdoor Performance List,Men
17,"Fronk, Nathan",FR-1,Minnesota-Morris,25.75,SMU Cardinal Invitational,"Apr 15, 2023",-0.1,200 Meters,UMAC Outdoor Performance List,Men
18,"Holstad, Matthew",FR-1,North Central (Minn.),25.91,Bethel Invitational,"Apr 15, 2023",-0.4,200 Meters,UMAC Outdoor Performance List,Men
19,"Longua, James",SO-2,Minnesota-Morris,26.05,SMU Cardinal Invitational,"Apr 15, 2023",-1.2,200 Meters,UMAC Outdoor Performance List,Men
20,"Johnson, Seth  E.",JR-3,Crown,26.13,Bethel Invitational,"Apr 15, 2023",-1.8,200 Meters,UMAC Outdoor Performance List,Men
21,"Hanson, Isaac",FR-1,Wis.-Superior,26.47,SMU Cardinal Invitational,"Apr 15, 2023",-1.2,200 Meters,UMAC Outdoor Performance List,Men
22,"Van Camp, Cody",FR-1,Wis.-Superior,26.88,SMU Cardinal Invitational,"Apr 15, 2023",-0.1,200 Meters,UMAC Outdoor Performance List,Men
23,"Laumb, Evan",SO-2,Crown,27.73,Bethel Invitational,"Apr 15, 2023",-1.4,200 Meters,UMAC Outdoor Performance List,Men
24,"Pliego Flores, Darcy",FR-1,North Central (Minn.),28.14,St Thomas Tomcat Invitational,"Apr 7, 2023",0.7,200 Meters,UMAC Outdoor Performance List,Men
25,"Azeltine, Ryan",FR-1,North Central (Minn.),28.51,Bethel Invitational,"Apr 15, 2023",-1.4,200 Meters,UMAC Outdoor Performance List,Men
1,"Trucksess, Deanna",SO-2,Northwestern (Minn.),27.00,SMU Cardinal Invitational,"Apr 15, 2023",-1.7,200 Meters,UMAC Outdoor Performance List,Women
2,"Claude, Colleen",FR-1,Wis.-Superior,27.46,SMU Cardinal Invitational,"Apr 15, 2023",-1.7,200 Meters,UMAC Outdoor Performance List,Women
3,"Lynch, MacKenzie",SR-4,Martin Luther,28.07,SMU Cardinal Invitational,"Apr 15, 2023",-0.9,200 Meters,UMAC Outdoor Performance List,Women
4,"Howe, Abby",FR-1,North Central (Minn.),28.59,St Thomas Tomcat Invitational,"Apr 7, 2023",1.7,200 Meters,UMAC Outdoor Performance List,Women
5,"Pankow, Maia",SO-2,Martin Luther,28.64,SMU Cardinal Invitational,"Apr 15, 2023",-0.9,200 Meters,UMAC Outdoor Performance List,Women
6,"Schmitz, Cora",FR-1,Wis.-Superior,28.80,SMU Cardinal Invitational,"Apr 15, 2023",-0.9,200 Meters,UMAC Outdoor Performance List,Women
7,"Anderson Sanchez, Anna",JR-3,Crown,29.00,Bethel Invitational,"Apr 15, 2023",-0.5,200 Meters,UMAC Outdoor Performance List,Women
8,"Johnson, Esther",FR-1,North Central (Minn.),29.43,Bethel Invitational,"Apr 15, 2023",-0.9,200 Meters,UMAC Outdoor Performance List,Women
9,"Brueckner, Ruth",FR-1,Crown,29.50,Bethel Invitational,"Apr 15, 2023",-0.5,200 Meters,UMAC Outdoor Performance List,Women
10,"Diekmann, Paige",FR-1,Minnesota-Morris,29.60,SMU Cardinal Invitational,"Apr 15, 2023",-1.1,200 Meters,UMAC Outdoor Performance List,Women
11,"Warden, Winona",FR-1,Northwestern (Minn.),30.03,SMU Cardinal Invitational,"Apr 15, 2023",-1.1,200 Meters,UMAC Outdoor Performance List,Women
12,"Bader, Sidney",FR-1,Wis.-Superior,30.20,SMU Cardinal Invitational,"Apr 15, 2023",-0.9,200 Meters,UMAC Outdoor Performance List,Women
13,"Schroeder, Lydia",FR-1,North Central (Minn.),30.58,St Thomas Tomcat Invitational,"Apr 7, 2023",1.7,200 Meters,UMAC Outdoor Performance List,Women
14,"Smith, Ann",SO-2,North Central (Minn.),30.77,St Thomas Tomcat Invitational,"Apr 7, 2023",0.4,200 Meters,UMAC Outdoor Performance List,Women
15,"Miller, Nakima",SO-2,North Central (Minn.),31.24,Bethel Invitational,"Apr 15, 2023",-1.6,200 Meters,UMAC Outdoor Performance List,Women
16,"Kraemer, Kat",FR-1,Minnesota-Morris,31.40,St Thomas Tomcat Invitational,"Apr 7, 2023",0.4,200 Meters,UMAC Outdoor Performance List,Women
17,"Zaccaria, Angela",SO-2,Bethany Lutheran,32.70,Norse Invite,"Apr 15, 2023",+0.0,200 Meters,UMAC Outdoor Performance List,Women
18,"DeRosa, Kendra",SR-4,Minnesota-Morris,32.91,SMU Cardinal Invitational,"Apr 15, 2023",-1.7,200 Meters,UMAC Outdoor Performance List,Women
19,"Anderson, Miriam",SO-2,North Central (Minn.),34.50,Bethel Invitational,"Apr 15, 2023",-1.6,200 Meters,UMAC Outdoor Performance List,Women
20,"Kramer, Daisy",FR-1,North Central (Minn.),39.47,St Thomas Tomcat Invitational,"Apr 7, 2023",1.7,200 Meters,UMAC Outdoor Performance List,Women
1,"Matheson, Iain",SO-2,Wis.-Superior,51.14,SMU Cardinal Invitational,"Apr 15, 2023",NaN,400 Meters,UMAC Outdoor Performance List,Men
2,"Westimayer, Ethan",JR-3,Wis.-Superior,51.28,SMU Cardinal Invitational,"Apr 15, 2023",NaN,400 Meters,UMAC Outdoor Performance List,Men
3,"Pearson, Steven",JR-3,Wis.-Superior,53.38,SMU Cardinal Invitational,"Apr 15, 2023",NaN,400 Meters,UMAC Outdoor Performance List,Men
4,"Burgin, Derek",SO-2,North Central (Minn.),53.44,Bethel Invitational,"Apr 15, 2023",NaN,400 Meters,UMAC Outdoor Performance List,Men
5,"Kroells, Garrett",FR-1,Wis.-Superior,54.83,SMU Cardinal Invitational,"Apr 15, 2023",NaN,400 Meters,UMAC Outdoor Performance List,Men
6,"Lange, Erik",JR-3,North Central (Minn.),55.01,St Thomas Tomcat Invitational,"Apr 7, 2023",NaN,400 Meters,UMAC Outdoor Performance List,Men
7,"Welch, Joshua",JR-3,Minnesota-Morris,55.84,St Thomas Tomcat Invitational,"Apr 7, 2023",NaN,400 Meters,UMAC Outdoor Performance List,Men
8,"Felsing, Joshua",FR-1,Martin Luther,55.96,SMU Cardinal Invitational,"Apr 15, 2023",NaN,400 Meters,UMAC Outdoor Performance List,Men
9,"Diakite, Sean",FR-1,Minnesota-Morris,57.95,SMU Cardinal Invitational,"Apr 15, 2023",NaN,400 Meters,UMAC Outdoor Performance List,Men
10,"Holstad, Matthew",FR-1,North Central (Minn.),59.80,St Thomas Tomcat Invitational,"Apr 7, 2023",NaN,400 Meters,UMAC Outdoor Performance List,Men
11,"Pliego Flores, Darcy",FR-1,North Central (Minn.),1:02.79,St Thomas Tomcat Invitational,"Apr 7, 2023",NaN,400 Meters,UMAC Outdoor Performance List,Men
1,"Trucksess, Deanna",SO-2,Northwestern (Minn.),1:01.13,SMU Cardinal Invitational,"Apr 15, 2023",NaN,400 Meters,UMAC Outdoor Performance List,Women
2,"Claude, Colleen",FR-1,Wis.-Superior,1:02.52,SMU Cardinal Invitational,"Apr 15, 2023",NaN,400 Meters,UMAC Outdoor Performance List,Women
3,"Foley, Naomi",FR-1,Martin Luther,1:03.91,SMU Cardinal Invitational,"Apr 15, 2023",NaN,400 Meters,UMAC Outdoor Performance List,Women
4,"Lanes, Serena",SO-2,North Central (Minn.),1:04.27,Bethel Invitational,"Apr 15, 2023",NaN,400 Meters,UMAC Outdoor Performance List,Women
5,"Neuhart, Triniti",FR-1,Minnesota-Morris,1:04.81,St Thomas Tomcat Invitational,"Apr 7, 2023",NaN,400 Meters,UMAC Outdoor Performance List,Women
6,"Johnson, Esther",FR-1,North Central (Minn.),1:04.86,St Thomas Tomcat Invitational,"Apr 7, 2023",NaN,400 Meters,UMAC Outdoor Performance List,Women
7,"Hoppe, Cianna",JR-3,Bethany Lutheran,1:05.23,Norse Invite,"Apr 15, 2023",NaN,400 Meters,UMAC Outdoor Performance List,Women
8,"VanDenHeuvel, Macie",FR-1,Martin Luther,1:09.25,SMU Cardinal Invitational,"Apr 15, 2023",NaN,400 Meters,UMAC Outdoor Performance List,Women
9,"Diekmann, Paige",FR-1,Minnesota-Morris,1:10.76,SMU Cardinal Invitational,"Apr 15, 2023",NaN,400 Meters,UMAC Outdoor Performance List,Women
10,"Smith, Ann",SO-2,North Central (Minn.),1:10.82,Bethel Invitational,"Apr 15, 2023",NaN,400 Meters,UMAC Outdoor Performance List,Women
11,"Zaccaria, Angela",SO-2,Bethany Lutheran,1:15.45,Norse Invite,"Apr 15, 2023",NaN,400 Meters,UMAC Outdoor Performance List,Women
1,"Pausma, Nathan",SO-2,Martin Luther,2:00.74,SMU Cardinal Invitational,"Apr 15, 2023",NaN,800 Meters,UMAC Outdoor Performance List,Men
2,"Anderson, Jakin",SR-4,Bethany Lutheran,2:02.42,Norse Invite,"Apr 15, 2023",NaN,800 Meters,UMAC Outdoor Performance List,Men
3,"Shackelford, Rory",JR-3,Minnesota-Morris,2:02.45,SMU Cardinal Invitational,"Apr 15, 2023",NaN,800 Meters,UMAC Outdoor Performance List,Men
4,"Peterson, Gregory",JR-3,Minnesota-Morris,2:03.26,SMU Cardinal Invitational,"Apr 15, 2023",NaN,800 Meters,UMAC Outdoor Performance List,Men
5,"Carlson, Austin",SO-2,Crown,2:06.13,Bethel Invitational,"Apr 15, 2023",NaN,800 Meters,UMAC Outdoor Performance List,Men
6,"Knopp, Joel",SR-4,Minnesota-Morris,2:06.79,SMU Cardinal Invitational,"Apr 15, 2023",NaN,800 Meters,UMAC Outdoor Performance List,Men
7,"Strukel, Grant",JR-3,Minnesota-Morris,2:07.78,SMU Cardinal Invitational,"Apr 15, 2023",NaN,800 Meters,UMAC Outdoor Performance List,Men
8,"Hagen, Josh",SO-2,Crown,2:15.12,Bethel Invitational,"Apr 15, 2023",NaN,800 Meters,UMAC Outdoor Performance List,Men
9,"Johnson, Kieran",SO-2,Wis.-Superior,2:19.95,SMU Cardinal Invitational,"Apr 15, 2023",NaN,800 Meters,UMAC Outdoor Performance List,Men
10,"Herr-Zielke, Michael",SO-2,North Central (Minn.),2:20.59,Bethel Invitational,"Apr 15, 2023",NaN,800 Meters,UMAC Outdoor Performance List,Men
11,"Salonek, Eli",FR-1,North Central (Minn.),2:27.82,Bethel Invitational,"Apr 15, 2023",NaN,800 Meters,UMAC Outdoor Performance List,Men
1,"Anderson Sanchez, Anna",JR-3,Crown,2:30.52,Bethel Invitational,"Apr 15, 2023",NaN,800 Meters,UMAC Outdoor Performance List,Women
2,"Gabb, Margaret",SR-4,Martin Luther,2:30.92,SMU Cardinal Invitational,"Apr 15, 2023",NaN,800 Meters,UMAC Outdoor Performance List,Women
3,"Foley, Naomi",FR-1,Martin Luther,2:32.58,SMU Cardinal Invitational,"Apr 15, 2023",NaN,800 Meters,UMAC Outdoor Performance List,Women
4,"Wright, Priscilla",FR-1,Northwestern (Minn.),2:34.97,SMU Cardinal Invitational,"Apr 15, 2023",NaN,800 Meters,UMAC Outdoor Performance List,Women
5,"Hoppe, Cianna",JR-3,Bethany Lutheran,2:35.43,Kansas Relays,"Apr 13, 2023",NaN,800 Meters,UMAC Outdoor Performance List,Women
6,"Brueckner, Ruth",FR-1,Crown,2:38.77,Bethel Invitational,"Apr 15, 2023",NaN,800 Meters,UMAC Outdoor Performance List,Women
7,"Nelson, Abby",JR-3,Bethany Lutheran,2:39.30,Kansas Relays,"Apr 13, 2023",NaN,800 Meters,UMAC Outdoor Performance List,Women
8,"Ringsmuth, Caroline",FR-1,Northwestern (Minn.),2:44.35,SMU Cardinal Invitational,"Apr 15, 2023",NaN,800 Meters,UMAC Outdoor Performance List,Women
9,"Hoaglund, Ilsa",SO-2,Minnesota-Morris,2:44.54,SMU Cardinal Invitational,"Apr 15, 2023",NaN,800 Meters,UMAC Outdoor Performance List,Women
10,"Hoaglund, Zoe",SO-2,Minnesota-Morris,2:49.21,SMU Cardinal Invitational,"Apr 15, 2023",NaN,800 Meters,UMAC Outdoor Performance List,Women
11,"Prieve, Taylor",SR-4,Minnesota-Morris,2:57.65,St Thomas Tomcat Invitational,"Apr 7, 2023",NaN,800 Meters,UMAC Outdoor Performance List,Women
12,"Lund, Amelia",SR-4,Minnesota-Morris,2:59.34,St Thomas Tomcat Invitational,"Apr 7, 2023",NaN,800 Meters,UMAC Outdoor Performance List,Women
13,"Hachmeister, Abby",SO-2,Minnesota-Morris,3:04.48,St Thomas Tomcat Invitational,"Apr 7, 2023",NaN,800 Meters,UMAC Outdoor Performance List,Women
14,"Deichert, Anna",FR-1,North Central (Minn.),3:12.97,Bethel Invitational,"Apr 15, 2023",NaN,800 Meters,UMAC Outdoor Performance List,Women
15,"Montgomery, Callie",SO-2,Bethany Lutheran,3:23.07,Norse Invite,"Apr 15, 2023",NaN,800 Meters,UMAC Outdoor Performance List,Women
1,"Shackelford, Rory",JR-3,Minnesota-Morris,4:09.46,St Thomas Tomcat Invitational,"Apr 7, 2023",NaN,1500 Meters,UMAC Outdoor Performance List,Men
2,"Carlson, Austin",SO-2,Crown,4:13.27,Bethel Invitational,"Apr 15, 2023",NaN,1500 Meters,UMAC Outdoor Performance List,Men
3,"Doherty, Aidan",SO-2,Wis.-Superior,4:19.04,Rex Foster Twilight,"Apr 7, 2023",NaN,1500 Meters,UMAC Outdoor Performance List,Men
4,"Schibbelhut, Micah",SO-2,Martin Luther,4:19.80,SMU Cardinal Invitational,"Apr 15, 2023",NaN,1500 Meters,UMAC Outdoor Performance List,Men
5,"Peterson, Gregory",JR-3,Minnesota-Morris,4:20.45,St Thomas Tomcat Invitational,"Apr 7, 2023",NaN,1500 Meters,UMAC Outdoor Performance List,Men
6,"Butterfield, Michael",SO-2,Wis.-Superior,4:20.93,SMU Cardinal Invitational,"Apr 15, 2023",NaN,1500 Meters,UMAC Outdoor Performance List,Men
7,"Collins, David",SO-2,Wis.-Superior,4:22.89,SMU Cardinal Invitational,"Apr 15, 2023",NaN,1500 Meters,UMAC Outdoor Performance List,Men
8,"Knopp, Joel",SR-4,Minnesota-Morris,4:23.86,St Thomas Tomcat Invitational,"Apr 7, 2023",NaN,1500 Meters,UMAC Outdoor Performance List,Men
9,"Anderson, Jakin",SR-4,Bethany Lutheran,4:29.26,Kansas Relays,"Apr 13, 2023",NaN,1500 Meters,UMAC Outdoor Performance List,Men
10,"Zander, Joshua",JR-3,Martin Luther,4:32.48,SMU Cardinal Invitational,"Apr 15, 2023",NaN,1500 Meters,UMAC Outdoor Performance List,Men
11,"Hagen, Josh",SO-2,Crown,4:43.54,Bethel Invitational,"Apr 15, 2023",NaN,1500 Meters,UMAC Outdoor Performance List,Men
12,"Herr-Zielke, Michael",SO-2,North Central (Minn.),4:46.44,St Thomas Tomcat Invitational,"Apr 7, 2023",NaN,1500 Meters,UMAC Outdoor Performance List,Men
13,"Hufziger, Kevin",JR-3,Wis.-Superior,5:06.44,SMU Cardinal Invitational,"Apr 15, 2023",NaN,1500 Meters,UMAC Outdoor Performance List,Men
14,"Azeltine, Ryan",FR-1,North Central (Minn.),5:09.03,St Thomas Tomcat Invitational,"Apr 7, 2023",NaN,1500 Meters,UMAC Outdoor Performance List,Men
1,"Habben, Maya",JR-3,Martin Luther,5:12.40,SMU Cardinal Invitational,"Apr 15, 2023",NaN,1500 Meters,UMAC Outdoor Performance List,Women
2,"Barker, Halle",SO-2,Wis.-Superior,5:12.76,Rex Foster Twilight,"Apr 7, 2023",NaN,1500 Meters,UMAC Outdoor Performance List,Women
3,"Langerud, McKenna",SR-4,Minnesota-Morris,5:26.03,SMU Cardinal Invitational,"Apr 15, 2023",NaN,1500 Meters,UMAC Outdoor Performance List,Women
4,"Merwin, Jordan",JR-3,Bethany Lutheran,5:27.70,Norse Invite,"Apr 15, 2023",NaN,1500 Meters,UMAC Outdoor Performance List,Women
5,"Tobin, Kayla",JR-3,Bethany Lutheran,5:28.56,Kansas Relays,"Apr 13, 2023",NaN,1500 Meters,UMAC Outdoor Performance List,Women
6,"Nelson, Abby",JR-3,Bethany Lutheran,5:29.42,Norse Invite,"Apr 15, 2023",NaN,1500 Meters,UMAC Outdoor Performance List,Women
7,"Hoaglund, Ilsa",SO-2,Minnesota-Morris,5:31.99,SMU Cardinal Invitational,"Apr 15, 2023",NaN,1500 Meters,UMAC Outdoor Performance List,Women
8,"Hudella, Cora",FR-1,Wis.-Superior,5:32.76,Rex Foster Twilight,"Apr 7, 2023",NaN,1500 Meters,UMAC Outdoor Performance List,Women
9,"Kuhlman, Chloe",JR-3,Bethany Lutheran,5:33.73,Norse Invite,"Apr 15, 2023",NaN,1500 Meters,UMAC Outdoor Performance List,Women
10,"Hoaglund, Zoe",SO-2,Minnesota-Morris,5:36.50,SMU Cardinal Invitational,"Apr 15, 2023",NaN,1500 Meters,UMAC Outdoor Performance List,Women
11,"Boerner, Tea",SO-2,Wis.-Superior,5:39.12,Rex Foster Twilight,"Apr 7, 2023",NaN,1500 Meters,UMAC Outdoor Performance List,Women
12,"Ringsmuth, Caroline",FR-1,Northwestern (Minn.),5:39.73,SMU Cardinal Invitational,"Apr 15, 2023",NaN,1500 Meters,UMAC Outdoor Performance List,Women
13,"Sovacool, Rachel",SO-2,Bethany Lutheran,5:59.36,Norse Invite,"Apr 15, 2023",NaN,1500 Meters,UMAC Outdoor Performance List,Women
14,"Prieve, Taylor",SR-4,Minnesota-Morris,6:02.37,SMU Cardinal Invitational,"Apr 15, 2023",NaN,1500 Meters,UMAC Outdoor Performance List,Women
15,"Hyland, Kayley",SO-2,North Central (Minn.),6:09.74,St Thomas Tomcat Invitational,"Apr 7, 2023",NaN,1500 Meters,UMAC Outdoor Performance List,Women
16,"Hachmeister, Abby",SO-2,Minnesota-Morris,6:18.47,SMU Cardinal Invitational,"Apr 15, 2023",NaN,1500 Meters,UMAC Outdoor Performance List,Women
17,"Lund, Amelia",SR-4,Minnesota-Morris,6:21.95,SMU Cardinal Invitational,"Apr 15, 2023",NaN,1500 Meters,UMAC Outdoor Performance List,Women
18,"Rethemeyer, Hannah",SO-2,Bethany Lutheran,6:28.52,Norse Invite,"Apr 15, 2023",NaN,1500 Meters,UMAC Outdoor Performance List,Women
19,"Olson, Abbee",SO-2,Martin Luther,6:30.62,SMU Cardinal Invitational,"Apr 15, 2023",NaN,1500 Meters,UMAC Outdoor Performance List,Women
20,"Fox, Katie",FR-1,North Central (Minn.),7:07.16,Bethel Invitational,"Apr 15, 2023",NaN,1500 Meters,UMAC Outdoor Performance List,Women
1,"Butterfield, Michael",SO-2,Wis.-Superior,16:23.92,SMU Cardinal Invitational,"Apr 15, 2023",NaN,5000 Meters,UMAC Outdoor Performance List,Men
2,"Lash, Caleb",SR-4,Martin Luther,16:24.40,SMU Cardinal Invitational,"Apr 15, 2023",NaN,5000 Meters,UMAC Outdoor Performance List,Men
3,"Okamoto, Kei",SO-2,Wis.-Superior,16:38.36,SMU Cardinal Invitational,"Apr 15, 2023",NaN,5000 Meters,UMAC Outdoor Performance List,Men
4,"Johnson, Kieran",SO-2,Wis.-Superior,16:56.39,Rex Foster Twilight,"Apr 7, 2023",NaN,5000 Meters,UMAC Outdoor Performance List,Men
5,"Hutchinson, Elijah",FR-1,Martin Luther,17:13.48,SMU Cardinal Invitational,"Apr 15, 2023",NaN,5000 Meters,UMAC Outdoor Performance List,Men
6,"Strukel, Grant",JR-3,Minnesota-Morris,17:17.66,St Thomas Tomcat Invitational,"Apr 7, 2023",NaN,5000 Meters,UMAC Outdoor Performance List,Men
7,"Hoppe, Josiah",SO-2,Bethany Lutheran,17:25.31,Norse Invite,"Apr 15, 2023",NaN,5000 Meters,UMAC Outdoor Performance List,Men
8,"Nelson, Calvin",SO-2,Minnesota-Morris,17:35.65,St Thomas Tomcat Invitational,"Apr 7, 2023",NaN,5000 Meters,UMAC Outdoor Performance List,Men
9,"Edmondson, Trace",JR-3,Bethany Lutheran,17:48.63,Norse Invite,"Apr 15, 2023",NaN,5000 Meters,UMAC Outdoor Performance List,Men
1,"Barker, Halle",SO-2,Wis.-Superior,18:59.41,SMU Cardinal Invitational,"Apr 15, 2023",NaN,5000 Meters,UMAC Outdoor Performance List,Women
2,"Habben, Maya",JR-3,Martin Luther,19:44.60,SMU Cardinal Invitational,"Apr 15, 2023",NaN,5000 Meters,UMAC Outdoor Performance List,Women
3,"Tobin, Kayla",JR-3,Bethany Lutheran,19:49.89,Norse Invite,"Apr 15, 2023",NaN,5000 Meters,UMAC Outdoor Performance List,Women
4,"Hoaglund, Ilsa",SO-2,Minnesota-Morris,19:58.91,St Thomas Tomcat Invitational,"Apr 7, 2023",NaN,5000 Meters,UMAC Outdoor Performance List,Women
5,"Hoaglund, Zoe",SO-2,Minnesota-Morris,20:24.82,St Thomas Tomcat Invitational,"Apr 7, 2023",NaN,5000 Meters,UMAC Outdoor Performance List,Women
6,"Kratz, Hannah",SR-4,Martin Luther,20:27.74,SMU Cardinal Invitational,"Apr 15, 2023",NaN,5000 Meters,UMAC Outdoor Performance List,Women
7,"Hudella, Cora",FR-1,Wis.-Superior,20:59.78,SMU Cardinal Invitational,"Apr 15, 2023",NaN,5000 Meters,UMAC Outdoor Performance List,Women
8,"Mensching, Katelyn",SO-2,Martin Luther,21:08.00,SMU Cardinal Invitational,"Apr 15, 2023",NaN,5000 Meters,UMAC Outdoor Performance List,Women
9,"Boerner, Tea",SO-2,Wis.-Superior,21:17.87,SMU Cardinal Invitational,"Apr 15, 2023",NaN,5000 Meters,UMAC Outdoor Performance List,Women
10,"Scanlon, Jeanna",SO-2,Wis.-Superior,22:21.55,SMU Cardinal Invitational,"Apr 15, 2023",NaN,5000 Meters,UMAC Outdoor Performance List,Women
11,"Hyland, Kayley",SO-2,North Central (Minn.),22:24.00,Bethel Invitational,"Apr 15, 2023",NaN,5000 Meters,UMAC Outdoor Performance List,Women
12,"Sulzle, Hope",JR-3,Martin Luther,22:31.27,SMU Cardinal Invitational,"Apr 15, 2023",NaN,5000 Meters,UMAC Outdoor Performance List,Women
1,"Witbrod, Stephanie",SO-2,Bethany Lutheran,15.65,Kansas Relays,"Apr 13, 2023",5.4,100 Hurdles,UMAC Outdoor Performance List,Women
2,"McCue, Megan",JR-3,Bethany Lutheran,18.39,Norse Invite,"Apr 15, 2023",-1.0,100 Hurdles,UMAC Outdoor Performance List,Women
3,"Seim, Grace",SO-2,Martin Luther,18.40,SMU Cardinal Invitational,"Apr 15, 2023",-0.1,100 Hurdles,UMAC Outdoor Performance List,Women
4,"Anderson, Naomi",SO-2,Bethany Lutheran,19.67,Norse Invite,"Apr 15, 2023",-1.0,100 Hurdles,UMAC Outdoor Performance List,Women
5,"Foxen, Alison",SO-2,Martin Luther,19.68,SMU Cardinal Invitational,"Apr 15, 2023",-0.1,100 Hurdles,UMAC Outdoor Performance List,Women
6,"Newman, Jessica",JR-3,Wis.-Superior,19.92,SMU Cardinal Invitational,"Apr 15, 2023",-0.1,100 Hurdles,UMAC Outdoor Performance List,Women
7,"Kreuzer, Kenzy",SO-2,Wis.-Superior,20.96,Rex Foster Twilight,"Apr 7, 2023",2.9,100 Hurdles,UMAC Outdoor Performance List,Women
8,"Volk, Myla",FR-1,Wis.-Superior,21.69,SMU Cardinal Invitational,"Apr 15, 2023",-0.1,100 Hurdles,UMAC Outdoor Performance List,Women
1,"Lynch, Garrett",SO-2,Wis.-Superior,15.80,SMU Cardinal Invitational,"Apr 15, 2023",0.4,110 Hurdles,UMAC Outdoor Performance List,Men
2,"Marzinske, Jake",JR-3,Bethany Lutheran,15.87,Kansas Relays,"Apr 13, 2023",4.3,110 Hurdles,UMAC Outdoor Performance List,Men
3,"Foster, Earl",SO-2,Wis.-Superior,15.99,SMU Cardinal Invitational,"Apr 15, 2023",0.4,110 Hurdles,UMAC Outdoor Performance List,Men
4,"Veers, Seth",SO-2,Martin Luther,16.71,SMU Cardinal Invitational,"Apr 15, 2023",0.4,110 Hurdles,UMAC Outdoor Performance List,Men
5,"Malliet, Samuel",FR-1,Martin Luther,16.75,SMU Cardinal Invitational,"Apr 15, 2023",0.4,110 Hurdles,UMAC Outdoor Performance List,Men
6,"Stanton, Jeremiah",FR-1,Martin Luther,17.26,SMU Cardinal Invitational,"Apr 15, 2023",0.4,110 Hurdles,UMAC Outdoor Performance List,Men
7,"Lippert, Noah",FR-1,Bethany Lutheran,19.14,Norse Invite,"Apr 15, 2023",-4.2,110 Hurdles,UMAC Outdoor Performance List,Men
1,"Stanton, Jeremiah",FR-1,Martin Luther,1:00.11,SMU Cardinal Invitational,"Apr 15, 2023",NaN,400 Hurdles,UMAC Outdoor Performance List,Men
2,"Wegner, Luke",SO-2,Martin Luther,1:04.23,SMU Cardinal Invitational,"Apr 15, 2023",NaN,400 Hurdles,UMAC Outdoor Performance List,Men
3,"Welch, Joshua",JR-3,Minnesota-Morris,1:04.46,SMU Cardinal Invitational,"Apr 15, 2023",NaN,400 Hurdles,UMAC Outdoor Performance List,Men
4,"Kudrle, Matt",SO-2,Minnesota-Morris,1:04.52,SMU Cardinal Invitational,"Apr 15, 2023",NaN,400 Hurdles,UMAC Outdoor Performance List,Men
5,"Kuske, Caleb",SO-2,Crown,1:05.75,Bethel Invitational,"Apr 15, 2023",NaN,400 Hurdles,UMAC Outdoor Performance List,Men
6,"Lippert, Noah",FR-1,Bethany Lutheran,1:09.01,Norse Invite,"Apr 15, 2023",NaN,400 Hurdles,UMAC Outdoor Performance List,Men
7,"Longua, James",SO-2,Minnesota-Morris,1:12.15,St Thomas Tomcat Invitational,"Apr 7, 2023",NaN,400 Hurdles,UMAC Outdoor Performance List,Men
1,"DeQuevedo, Alexxa",JR-3,Wis.-Superior,1:10.28,SMU Cardinal Invitational,"Apr 15, 2023",NaN,400 Hurdles,UMAC Outdoor Performance List,Women
2,"Nelson, Emma",JR-3,Martin Luther,1:13.67,SMU Cardinal Invitational,"Apr 15, 2023",NaN,400 Hurdles,UMAC Outdoor Performance List,Women
3,"Anderson, Naomi",SO-2,Bethany Lutheran,1:14.24,Norse Invite,"Apr 15, 2023",NaN,400 Hurdles,UMAC Outdoor Performance List,Women
4,"Wilson, Riley",FR-1,Wis.-Superior,1:20.05,SMU Cardinal Invitational,"Apr 15, 2023",NaN,400 Hurdles,UMAC Outdoor Performance List,Women
5,"McCue, Megan",JR-3,Bethany Lutheran,1:22.94,Norse Invite,"Apr 15, 2023",NaN,400 Hurdles,UMAC Outdoor Performance List,Women
6,"Luqman, Nibras",FR-1,Minnesota-Morris,1:23.68,St Thomas Tomcat Invitational,"Apr 7, 2023",NaN,400 Hurdles,UMAC Outdoor Performance List,Women
7,"Kuhlman, Chloe",JR-3,Bethany Lutheran,1:23.84,Norse Invite,"Apr 15, 2023",NaN,400 Hurdles,UMAC Outdoor Performance List,Women
8,"Newman, Jessica",JR-3,Wis.-Superior,1:26.57,SMU Cardinal Invitational,"Apr 15, 2023",NaN,400 Hurdles,UMAC Outdoor Performance List,Women
9,"Kreuzer, Kenzy",SO-2,Wis.-Superior,1:26.75,Rex Foster Twilight,"Apr 7, 2023",NaN,400 Hurdles,UMAC Outdoor Performance List,Women
10,"Lund, Amelia",SR-4,Minnesota-Morris,1:34.39,SMU Cardinal Invitational,"Apr 15, 2023",NaN,400 Hurdles,UMAC Outdoor Performance List,Women
1,"Collins, David",SO-2,Wis.-Superior,10:43.43,Rex Foster Twilight,"Apr 7, 2023",NaN,3000 Steeplechase,UMAC Outdoor Performance List,Men
2,"Sulzle, Camden",JR-3,Martin Luther,10:51.05,SMU Cardinal Invitational,"Apr 15, 2023",NaN,3000 Steeplechase,UMAC Outdoor Performance List,Men
3,"Johnson, Kieran",SO-2,Wis.-Superior,11:27.45,SMU Cardinal Invitational,"Apr 15, 2023",NaN,3000 Steeplechase,UMAC Outdoor Performance List,Men
4,"Hutchinson, Elijah",FR-1,Martin Luther,11:36.19,SMU Cardinal Invitational,"Apr 15, 2023",NaN,3000 Steeplechase,UMAC Outdoor Performance List,Men
1,"Pausch, Abby",SR-4,Crown,11:57.15,Bethel Invitational,"Apr 15, 2023",NaN,3000 Steeplechase,UMAC Outdoor Performance List,Women
2,"Merwin, Jordan",JR-3,Bethany Lutheran,12:59.00,Kansas Relays,"Apr 13, 2023",NaN,3000 Steeplechase,UMAC Outdoor Performance List,Women
3,"Wilson, Riley",FR-1,Wis.-Superior,14:21.06,Rex Foster Twilight,"Apr 7, 2023",NaN,3000 Steeplechase,UMAC Outdoor Performance List,Women
4,"Kreuzer, Kenzy",SO-2,Wis.-Superior,15:51.26,SMU Cardinal Invitational,"Apr 15, 2023",NaN,3000 Steeplechase,UMAC Outdoor Performance List,Women
1,"Boss, Diakite, Rogers, Vandergon",NA,Minnesota-Morris,45.31,SMU Cardinal Invitational,"Apr 15, 2023",NaN,4 x 100 Relay,UMAC Outdoor Performance List,Men
2,"Kabengele, Wildauer, Wenninger, Marzinske",NA,Bethany Lutheran,47.91,Norse Invite,"Apr 15, 2023",NaN,4 x 100 Relay,UMAC Outdoor Performance List,Men
1,"Lynch, Nolte, VanDenHeuvel, Pankow",NA,Martin Luther,53.82,SMU Cardinal Invitational,"Apr 15, 2023",NaN,4 x 100 Relay,UMAC Outdoor Performance List,Women
1,"Lynch, Bowe, DeFoe, Kroells",NA,Wis.-Superior,3:36.63,SMU Cardinal Invitational,"Apr 15, 2023",NaN,4 x 400 Relay,UMAC Outdoor Performance List,Men
2,"Pausma, Raasch, Wegner, Stanton",NA,Martin Luther,3:40.93,SMU Cardinal Invitational,"Apr 15, 2023",NaN,4 x 400 Relay,UMAC Outdoor Performance List,Men
3,"Peterson, Welch, Vandergon, Shackelford",NA,Minnesota-Morris,3:43.56,SMU Cardinal Invitational,"Apr 15, 2023",NaN,4 x 400 Relay,UMAC Outdoor Performance List,Men
4,"Burgin, Holstad, Lange, Omeja",NA,North Central (Minn.),3:43.57,Bethel Invitational,"Apr 15, 2023",NaN,4 x 400 Relay,UMAC Outdoor Performance List,Men
1,"Foley, Gabb, Nelson, Pankow",NA,Martin Luther,4:25.18,SMU Cardinal Invitational,"Apr 15, 2023",NaN,4 x 400 Relay,UMAC Outdoor Performance List,Women
2,"Lanes, Smith, Miller, Johnson",NA,North Central (Minn.),4:36.64,Bethel Invitational,"Apr 15, 2023",NaN,4 x 400 Relay,UMAC Outdoor Performance List,Women
3,"Trucksess, Warden, Wright, Ringsmuth",NA,Northwestern (Minn.),4:41.12,SMU Cardinal Invitational,"Apr 15, 2023",NaN,4 x 400 Relay,UMAC Outdoor Performance List,Women
4,"Kreuzer, Wilson, Hudella, Barker",NA,Wis.-Superior,5:05.96,SMU Cardinal Invitational,"Apr 15, 2023",NaN,4 x 400 Relay,UMAC Outdoor Performance List,Women
1,"Malliet, Samuel",FR-1,Martin Luther,1.90m,SMU Cardinal Invitational,"Apr 15, 2023",NaN,High Jump,UMAC Outdoor Performance List,Men
1,"Lynch, Garrett",SO-2,Wis.-Superior,1.90m,Rex Foster Twilight,"Apr 7, 2023",NaN,High Jump,UMAC Outdoor Performance List,Men
3,"Weiers, Isaac",SO-2,North Central (Minn.),1.80m,St Thomas Tomcat Invitational,"Apr 7, 2023",NaN,High Jump,UMAC Outdoor Performance List,Men
4,"Juaire, Nehemiah",SO-2,North Central (Minn.),1.75m,St Thomas Tomcat Invitational,"Apr 7, 2023",NaN,High Jump,UMAC Outdoor Performance List,Men
4,"Foster, Earl",SO-2,Wis.-Superior,1.75m,Rex Foster Twilight,"Apr 7, 2023",NaN,High Jump,UMAC Outdoor Performance List,Men
4,"Rogers, Gauge",FR-1,Minnesota-Morris,1.75m,SMU Cardinal Invitational,"Apr 15, 2023",NaN,High Jump,UMAC Outdoor Performance List,Men
7,"Kudrle, Matt",SO-2,Minnesota-Morris,1.70m,SMU Cardinal Invitational,"Apr 15, 2023",NaN,High Jump,UMAC Outdoor Performance List,Men
8,"Sund, Kayden",SR-4,North Central (Minn.),1.60m,Bethel Invitational,"Apr 15, 2023",NaN,High Jump,UMAC Outdoor Performance List,Men
9,"Wietzke, Andrew",SO-2,Martin Luther,1.55m,SMU Cardinal Invitational,"Apr 15, 2023",NaN,High Jump,UMAC Outdoor Performance List,Men
1,"Brauer, Elena",FR-1,Martin Luther,1.45m,SMU Cardinal Invitational,"Apr 15, 2023",NaN,High Jump,UMAC Outdoor Performance List,Women
2,"Schlei, Ella",FR-1,Martin Luther,1.40m,SMU Cardinal Invitational,"Apr 15, 2023",NaN,High Jump,UMAC Outdoor Performance List,Women
3,"Beckius, Ellen",SO-2,Minnesota-Morris,1.38m,St Thomas Tomcat Invitational,"Apr 7, 2023",NaN,High Jump,UMAC Outdoor Performance List,Women
4,"Bader, Sidney",FR-1,Wis.-Superior,1.35m,SMU Cardinal Invitational,"Apr 15, 2023",NaN,High Jump,UMAC Outdoor Performance List,Women
4,"Seim, Grace",SO-2,Martin Luther,1.35m,SMU Cardinal Invitational,"Apr 15, 2023",NaN,High Jump,UMAC Outdoor Performance List,Women
4,"Volk, Myla",FR-1,Wis.-Superior,1.35m,Rex Foster Twilight,"Apr 7, 2023",NaN,High Jump,UMAC Outdoor Performance List,Women
7,"McPherson, Catie",FR-1,Wis.-Superior,1.25m,SMU Cardinal Invitational,"Apr 15, 2023",NaN,High Jump,UMAC Outdoor Performance List,Women
7,"Kraemer, Kat",FR-1,Minnesota-Morris,1.25m,SMU Cardinal Invitational,"Apr 15, 2023",NaN,High Jump,UMAC Outdoor Performance List,Women
7,"James, Sheena",SO-2,Minnesota-Morris,1.25m,SMU Cardinal Invitational,"Apr 15, 2023",NaN,High Jump,UMAC Outdoor Performance List,Women
1,"Lynch, Garrett",SO-2,Wis.-Superior,4.15m,Rex Foster Twilight,"Apr 7, 2023",NaN,Pole Vault,UMAC Outdoor Performance List,Men
2,"Schibbelhut, Micah",SO-2,Martin Luther,3.55m,SMU Cardinal Invitational,"Apr 15, 2023",NaN,Pole Vault,UMAC Outdoor Performance List,Men
3,"Wietzke, Andrew",SO-2,Martin Luther,3.40m,SMU Cardinal Invitational,"Apr 15, 2023",NaN,Pole Vault,UMAC Outdoor Performance List,Men
1,"Platzer, Ally",SR-4,Martin Luther,2.60m,SMU Cardinal Invitational,"Apr 15, 2023",NaN,Pole Vault,UMAC Outdoor Performance List,Women
2,"Landwer, Maggie",SO-2,Minnesota-Morris,2.47m,St Thomas Tomcat Invitational,"Apr 7, 2023",NaN,Pole Vault,UMAC Outdoor Performance List,Women
1,"Raasch, Eric Martin",SO-2,Martin Luther,6.25m,SMU Cardinal Invitational,"Apr 15, 2023",1.0,Long Jump,UMAC Outdoor Performance List,Men
2,"Petkau, Steven",SR-4,Crown,6.24m,Bethel Invitational,"Apr 15, 2023",1.9,Long Jump,UMAC Outdoor Performance List,Men
3,"Schorr, Will",SO-2,Wis.-Superior,6.22m,SMU Cardinal Invitational,"Apr 15, 2023",2.6,Long Jump,UMAC Outdoor Performance List,Men
4,"Lynch, Garrett",SO-2,Wis.-Superior,5.75m,SMU Cardinal Invitational,"Apr 15, 2023",+0.0,Long Jump,UMAC Outdoor Performance List,Men
4,"Stanton, Jeremiah",FR-1,Martin Luther,5.75m,SMU Cardinal Invitational,"Apr 15, 2023",1.9,Long Jump,UMAC Outdoor Performance List,Men
6,"Pearson, Steven",JR-3,Wis.-Superior,5.67m,Rex Foster Twilight,"Apr 7, 2023",NWI,Long Jump,UMAC Outdoor Performance List,Men
7,"Owens, Jarvis",SO-2,Bethany Lutheran,5.65m,Norse Invite,"Apr 15, 2023",+0.0,Long Jump,UMAC Outdoor Performance List,Men
8,"DeFoe, Ethan",FR-1,Wis.-Superior,5.53m,SMU Cardinal Invitational,"Apr 15, 2023",+0.0,Long Jump,UMAC Outdoor Performance List,Men
9,"Weiers, Isaac",SO-2,North Central (Minn.),5.33m,Bethel Invitational,"Apr 15, 2023",0.4,Long Jump,UMAC Outdoor Performance List,Men
10,"Anfield, Isaiah",SR-4,Crown,5.22m,Bethel Invitational,"Apr 15, 2023",+0.0,Long Jump,UMAC Outdoor Performance List,Men
1,"Witbrod, Stephanie",SO-2,Bethany Lutheran,4.94m,Norse Invite,"Apr 15, 2023",0.4,Long Jump,UMAC Outdoor Performance List,Women
2,"Peters, Kim",SO-2,Minnesota-Morris,4.44m,St Thomas Tomcat Invitational,"Apr 7, 2023",+0.0,Long Jump,UMAC Outdoor Performance List,Women
3,"Claude, Colleen",FR-1,Wis.-Superior,4.37m,SMU Cardinal Invitational,"Apr 15, 2023",1.8,Long Jump,UMAC Outdoor Performance List,Women
4,"Volk, Myla",FR-1,Wis.-Superior,4.32m,Rex Foster Twilight,"Apr 7, 2023",2.2,Long Jump,UMAC Outdoor Performance List,Women
5,"Landwer, Maggie",SO-2,Minnesota-Morris,4.24m,SMU Cardinal Invitational,"Apr 15, 2023",0.5,Long Jump,UMAC Outdoor Performance List,Women
6,"Schmitz, Cora",FR-1,Wis.-Superior,4.19m,SMU Cardinal Invitational,"Apr 15, 2023",1.7,Long Jump,UMAC Outdoor Performance List,Women
7,"McCue, Megan",JR-3,Bethany Lutheran,4.12m,Norse Invite,"Apr 15, 2023",0.2,Long Jump,UMAC Outdoor Performance List,Women
8,"James, Sheena",SO-2,Minnesota-Morris,3.94m,SMU Cardinal Invitational,"Apr 15, 2023",2.3,Long Jump,UMAC Outdoor Performance List,Women
9,"DeRosa, Kendra",SR-4,Minnesota-Morris,3.77m,SMU Cardinal Invitational,"Apr 15, 2023",1.0,Long Jump,UMAC Outdoor Performance List,Women
10,"Schroeder, Lydia",FR-1,North Central (Minn.),3.75m,Bethel Invitational,"Apr 15, 2023",2.0,Long Jump,UMAC Outdoor Performance List,Women
11,"Rader, Jordan",FR-1,Wis.-Superior,3.40m,SMU Cardinal Invitational,"Apr 15, 2023",2.8,Long Jump,UMAC Outdoor Performance List,Women
12,"Carter, Cieyana",FR-1,Wis.-Superior,2.83m,SMU Cardinal Invitational,"Apr 15, 2023",1.4,Long Jump,UMAC Outdoor Performance List,Women
1,"Petkau, Steven",SR-4,Crown,12.85m,Bethel Invitational,"Apr 15, 2023",1.6,Triple Jump,UMAC Outdoor Performance List,Men
2,"Owens, Jarvis",SO-2,Bethany Lutheran,12.45m,Norse Invite,"Apr 15, 2023",0.9,Triple Jump,UMAC Outdoor Performance List,Men
3,"Pearson, Steven",JR-3,Wis.-Superior,12.01m,SMU Cardinal Invitational,"Apr 15, 2023",0.9,Triple Jump,UMAC Outdoor Performance List,Men
1,"Witbrod, Stephanie",SO-2,Bethany Lutheran,11.71m,Kansas Relays,"Apr 13, 2023",3.1,Triple Jump,UMAC Outdoor Performance List,Women
2,"Peters, Kim",SO-2,Minnesota-Morris,9.38m,SMU Cardinal Invitational,"Apr 15, 2023",-0.8,Triple Jump,UMAC Outdoor Performance List,Women
3,"Volk, Myla",FR-1,Wis.-Superior,9.28m,SMU Cardinal Invitational,"Apr 15, 2023",-0.9,Triple Jump,UMAC Outdoor Performance List,Women
4,"Anderson, Naomi",SO-2,Bethany Lutheran,9.20m,Norse Invite,"Apr 15, 2023",1.7,Triple Jump,UMAC Outdoor Performance List,Women
1,"Nye, Cody",JR-3,Minnesota-Morris,15.58m,SMU Cardinal Invitational,"Apr 15, 2023",NaN,Shot Put,UMAC Outdoor Performance List,Men
2,"Staryszak, Anthony",FR-1,Minnesota-Morris,13.65m,St Thomas Tomcat Invitational,"Apr 7, 2023",NaN,Shot Put,UMAC Outdoor Performance List,Men
3,"Ohman, Nate",JR-3,Wis.-Superior,13.63m,SMU Cardinal Invitational,"Apr 15, 2023",NaN,Shot Put,UMAC Outdoor Performance List,Men
4,"Zepeda, Bryan",SR-4,Minnesota-Morris,13.59m,SMU Cardinal Invitational,"Apr 15, 2023",NaN,Shot Put,UMAC Outdoor Performance List,Men
5,"Heng, Gideon",FR-1,North Central (Minn.),13.56m,St Thomas Tomcat Invitational,"Apr 7, 2023",NaN,Shot Put,UMAC Outdoor Performance List,Men
6,"Paulson , Ben",SO-2,Minnesota-Morris,11.47m,SMU Cardinal Invitational,"Apr 15, 2023",NaN,Shot Put,UMAC Outdoor Performance List,Men
7,"Moldenhauer, Alexander",FR-1,Martin Luther,11.26m,SMU Cardinal Invitational,"Apr 15, 2023",NaN,Shot Put,UMAC Outdoor Performance List,Men
8,"Hahm, Isaiah",SR-4,Martin Luther,10.74m,SMU Cardinal Invitational,"Apr 15, 2023",NaN,Shot Put,UMAC Outdoor Performance List,Men
9,"Ohman, Greg",FR-1,Minnesota-Morris,10.58m,SMU Cardinal Invitational,"Apr 15, 2023",NaN,Shot Put,UMAC Outdoor Performance List,Men
10,"Anderson, Joshua",FR-1,North Central (Minn.),10.21m,St Thomas Tomcat Invitational,"Apr 7, 2023",NaN,Shot Put,UMAC Outdoor Performance List,Men
11,"Middleton, Q",SR-4,Northwestern (Minn.),10.15m,SMU Cardinal Invitational,"Apr 15, 2023",NaN,Shot Put,UMAC Outdoor Performance List,Men
12,"Owata, Ethan",FR-1,Northwestern (Minn.),9.86m,SMU Cardinal Invitational,"Apr 15, 2023",NaN,Shot Put,UMAC Outdoor Performance List,Men
13,"Wegner, Cameron",FR-1,Wis.-Superior,9.21m,SMU Cardinal Invitational,"Apr 15, 2023",NaN,Shot Put,UMAC Outdoor Performance List,Men
14,"Johannes, Kelvin",SR-4,Martin Luther,9.06m,SMU Cardinal Invitational,"Apr 15, 2023",NaN,Shot Put,UMAC Outdoor Performance List,Men
15,"Costin, William",JR-3,Martin Luther,7.63m,SMU Cardinal Invitational,"Apr 15, 2023",NaN,Shot Put,UMAC Outdoor Performance List,Men
16,"Bannick, Joshua",JR-3,Martin Luther,7.33m,SMU Cardinal Invitational,"Apr 15, 2023",NaN,Shot Put,UMAC Outdoor Performance List,Men
1,"Witbrod, Stephanie",SO-2,Bethany Lutheran,11.78m,Kansas Relays,"Apr 13, 2023",NaN,Shot Put,UMAC Outdoor Performance List,Women
2,"Nolte, Elise",FR-1,Martin Luther,11.20m,SMU Cardinal Invitational,"Apr 15, 2023",NaN,Shot Put,UMAC Outdoor Performance List,Women
3,"Schlei, Ella",FR-1,Martin Luther,10.17m,SMU Cardinal Invitational,"Apr 15, 2023",NaN,Shot Put,UMAC Outdoor Performance List,Women
4,"Nelson, Emma",JR-3,Martin Luther,10.10m,SMU Cardinal Invitational,"Apr 15, 2023",NaN,Shot Put,UMAC Outdoor Performance List,Women
5,"Romsdahl, Madelinn",FR-1,Martin Luther,10.00m,SMU Cardinal Invitational,"Apr 15, 2023",NaN,Shot Put,UMAC Outdoor Performance List,Women
6,"Briggs, Anna",SO-2,Minnesota-Morris,9.77m,St Thomas Tomcat Invitational,"Apr 7, 2023",NaN,Shot Put,UMAC Outdoor Performance List,Women
7,"Steinbring, Jennifer",SO-2,Minnesota-Morris,9.69m,SMU Cardinal Invitational,"Apr 15, 2023",NaN,Shot Put,UMAC Outdoor Performance List,Women
8,"Bader, Sidney",FR-1,Wis.-Superior,9.62m,SMU Cardinal Invitational,"Apr 15, 2023",NaN,Shot Put,UMAC Outdoor Performance List,Women
9,"Hagedorn, Emmaline",SO-2,Martin Luther,9.56m,SMU Cardinal Invitational,"Apr 15, 2023",NaN,Shot Put,UMAC Outdoor Performance List,Women
10,"Jones, MiCayla",SR-4,North Central (Minn.),9.51m,SMU Cardinal Invitational,"Apr 15, 2023",NaN,Shot Put,UMAC Outdoor Performance List,Women
10,"Erickson, Emma",SO-2,Wis.-Superior,9.51m,SMU Cardinal Invitational,"Apr 15, 2023",NaN,Shot Put,UMAC Outdoor Performance List,Women
12,"Big Crow, Kianna",SO-2,Minnesota-Morris,9.17m,SMU Cardinal Invitational,"Apr 15, 2023",NaN,Shot Put,UMAC Outdoor Performance List,Women
13,"Hughlett, Kasha",JR-3,Wis.-Superior,9.12m,SMU Cardinal Invitational,"Apr 15, 2023",NaN,Shot Put,UMAC Outdoor Performance List,Women
14,"Gerdes, Alexis",FR-1,Minnesota-Morris,8.97m,SMU Cardinal Invitational,"Apr 15, 2023",NaN,Shot Put,UMAC Outdoor Performance List,Women
15,"Siedow, Kassidy",SO-2,Minnesota-Morris,8.94m,SMU Cardinal Invitational,"Apr 15, 2023",NaN,Shot Put,UMAC Outdoor Performance List,Women
16,"Domke, Leah",FR-1,Martin Luther,8.65m,SMU Cardinal Invitational,"Apr 15, 2023",NaN,Shot Put,UMAC Outdoor Performance List,Women
17,"Johnson, Meghan",FR-1,Martin Luther,8.61m,SMU Cardinal Invitational,"Apr 15, 2023",NaN,Shot Put,UMAC Outdoor Performance List,Women
18,"McCue, Megan",JR-3,Bethany Lutheran,8.48m,Norse Invite,"Apr 15, 2023",NaN,Shot Put,UMAC Outdoor Performance List,Women
19,"Baker, Hannah",FR-1,Wis.-Superior,8.38m,SMU Cardinal Invitational,"Apr 15, 2023",NaN,Shot Put,UMAC Outdoor Performance List,Women
20,"Parsons, Lauren",FR-1,Minnesota-Morris,7.95m,SMU Cardinal Invitational,"Apr 15, 2023",NaN,Shot Put,UMAC Outdoor Performance List,Women
21,"knopp, Bethany",FR-1,Minnesota-Morris,7.80m,SMU Cardinal Invitational,"Apr 15, 2023",NaN,Shot Put,UMAC Outdoor Performance List,Women
22,"Cox, Sydney",FR-1,Wis.-Superior,7.62m,SMU Cardinal Invitational,"Apr 15, 2023",NaN,Shot Put,UMAC Outdoor Performance List,Women
23,"Gerdes, Madison",FR-1,Minnesota-Morris,7.53m,SMU Cardinal Invitational,"Apr 15, 2023",NaN,Shot Put,UMAC Outdoor Performance List,Women
24,"Hoglund, Christina",FR-1,North Central (Minn.),6.86m,SMU Cardinal Invitational,"Apr 15, 2023",NaN,Shot Put,UMAC Outdoor Performance List,Women
1,"Staryszak, Anthony",FR-1,Minnesota-Morris,45.61m,SMU Cardinal Invitational,"Apr 15, 2023",NaN,Discus,UMAC Outdoor Performance List,Men
2,"Ohman, Nate",JR-3,Wis.-Superior,37.75m,SMU Cardinal Invitational,"Apr 15, 2023",NaN,Discus,UMAC Outdoor Performance List,Men
3,"Zepeda, Bryan",SR-4,Minnesota-Morris,36.51m,SMU Cardinal Invitational,"Apr 15, 2023",NaN,Discus,UMAC Outdoor Performance List,Men
4,"Anderson, Joshua",FR-1,North Central (Minn.),36.18m,SMU Cardinal Invitational,"Apr 15, 2023",NaN,Discus,UMAC Outdoor Performance List,Men
5,"Paulson , Ben",SO-2,Minnesota-Morris,35.86m,SMU Cardinal Invitational,"Apr 15, 2023",NaN,Discus,UMAC Outdoor Performance List,Men
6,"Owata, Ethan",FR-1,Northwestern (Minn.),32.90m,SMU Cardinal Invitational,"Apr 15, 2023",NaN,Discus,UMAC Outdoor Performance List,Men
7,"Ohman, Greg",FR-1,Minnesota-Morris,32.70m,SMU Cardinal Invitational,"Apr 15, 2023",NaN,Discus,UMAC Outdoor Performance List,Men
8,"Nye, Cody",JR-3,Minnesota-Morris,32.26m,SMU Cardinal Invitational,"Apr 15, 2023",NaN,Discus,UMAC Outdoor Performance List,Men
9,"Hahm, Isaiah",SR-4,Martin Luther,31.05m,SMU Cardinal Invitational,"Apr 15, 2023",NaN,Discus,UMAC Outdoor Performance List,Men
10,"Middleton, Q",SR-4,Northwestern (Minn.),30.99m,SMU Cardinal Invitational,"Apr 15, 2023",NaN,Discus,UMAC Outdoor Performance List,Men
11,"Petersen, Luke",SR-4,Minnesota-Morris,30.69m,SMU Cardinal Invitational,"Apr 15, 2023",NaN,Discus,UMAC Outdoor Performance List,Men
12,"Thornbrugh, Conor",SO-2,Minnesota-Morris,29.62m,SMU Cardinal Invitational,"Apr 15, 2023",NaN,Discus,UMAC Outdoor Performance List,Men
13,"Bueckers, Robert",FR-1,North Central (Minn.),28.17m,SMU Cardinal Invitational,"Apr 15, 2023",NaN,Discus,UMAC Outdoor Performance List,Men
14,"Moldenhauer, Alexander",FR-1,Martin Luther,28.14m,SMU Cardinal Invitational,"Apr 15, 2023",NaN,Discus,UMAC Outdoor Performance List,Men
15,"Costin, William",JR-3,Martin Luther,27.66m,SMU Cardinal Invitational,"Apr 15, 2023",NaN,Discus,UMAC Outdoor Performance List,Men
16,"Johannes, Kelvin",SR-4,Martin Luther,25.43m,SMU Cardinal Invitational,"Apr 15, 2023",NaN,Discus,UMAC Outdoor Performance List,Men
17,"Wegner, Cameron",FR-1,Wis.-Superior,24.16m,SMU Cardinal Invitational,"Apr 15, 2023",NaN,Discus,UMAC Outdoor Performance List,Men
18,"Gare, Keegan",FR-1,North Central (Minn.),23.68m,SMU Cardinal Invitational,"Apr 15, 2023",NaN,Discus,UMAC Outdoor Performance List,Men
1,"Nelson, Abby",JR-3,Bethany Lutheran,34.64m,Norse Invite,"Apr 15, 2023",NaN,Discus,UMAC Outdoor Performance List,Women
2,"Nelson, Emma",JR-3,Martin Luther,34.36m,SMU Cardinal Invitational,"Apr 15, 2023",NaN,Discus,UMAC Outdoor Performance List,Women
3,"Erickson, Emma",SO-2,Wis.-Superior,33.41m,Rex Foster Twilight,"Apr 7, 2023",NaN,Discus,UMAC Outdoor Performance List,Women
4,"Hagedorn, Emmaline",SO-2,Martin Luther,32.59m,SMU Cardinal Invitational,"Apr 15, 2023",NaN,Discus,UMAC Outdoor Performance List,Women
5,"Steinbring, Jennifer",SO-2,Minnesota-Morris,32.28m,SMU Cardinal Invitational,"Apr 15, 2023",NaN,Discus,UMAC Outdoor Performance List,Women
6,"Romsdahl, Madelinn",FR-1,Martin Luther,31.67m,SMU Cardinal Invitational,"Apr 15, 2023",NaN,Discus,UMAC Outdoor Performance List,Women
7,"Nolte, Elise",FR-1,Martin Luther,30.64m,SMU Cardinal Invitational,"Apr 15, 2023",NaN,Discus,UMAC Outdoor Performance List,Women
8,"Baker, Hannah",FR-1,Wis.-Superior,30.57m,Rex Foster Twilight,"Apr 7, 2023",NaN,Discus,UMAC Outdoor Performance List,Women
9,"Parsons, Lauren",FR-1,Minnesota-Morris,26.72m,SMU Cardinal Invitational,"Apr 15, 2023",NaN,Discus,UMAC Outdoor Performance List,Women
10,"Big Crow, Kianna",SO-2,Minnesota-Morris,26.18m,SMU Cardinal Invitational,"Apr 15, 2023",NaN,Discus,UMAC Outdoor Performance List,Women
11,"Ashton, Emily",FR-1,Northwestern (Minn.),26.01m,SMU Cardinal Invitational,"Apr 15, 2023",NaN,Discus,UMAC Outdoor Performance List,Women
12,"Siedow, Kassidy",SO-2,Minnesota-Morris,23.91m,SMU Cardinal Invitational,"Apr 15, 2023",NaN,Discus,UMAC Outdoor Performance List,Women
13,"Overturf, Siri",FR-1,Minnesota-Morris,23.36m,SMU Cardinal Invitational,"Apr 15, 2023",NaN,Discus,UMAC Outdoor Performance List,Women
14,"Johnson, Meghan",FR-1,Martin Luther,22.51m,SMU Cardinal Invitational,"Apr 15, 2023",NaN,Discus,UMAC Outdoor Performance List,Women
15,"Jones, MiCayla",SR-4,North Central (Minn.),22.26m,SMU Cardinal Invitational,"Apr 15, 2023",NaN,Discus,UMAC Outdoor Performance List,Women
16,"Gerdes, Madison",FR-1,Minnesota-Morris,21.48m,SMU Cardinal Invitational,"Apr 15, 2023",NaN,Discus,UMAC Outdoor Performance List,Women
17,"knopp, Bethany",FR-1,Minnesota-Morris,18.65m,SMU Cardinal Invitational,"Apr 15, 2023",NaN,Discus,UMAC Outdoor Performance List,Women
18,"Cox, Sydney",FR-1,Wis.-Superior,17.30m,SMU Cardinal Invitational,"Apr 15, 2023",NaN,Discus,UMAC Outdoor Performance List,Women
19,"Gerdes, Alexis",FR-1,Minnesota-Morris,14.78m,SMU Cardinal Invitational,"Apr 15, 2023",NaN,Discus,UMAC Outdoor Performance List,Women
20,"Hoglund, Christina",FR-1,North Central (Minn.),14.46m,SMU Cardinal Invitational,"Apr 15, 2023",NaN,Discus,UMAC Outdoor Performance List,Women
21,"Domke, Leah",FR-1,Martin Luther,9.64m,SMU Cardinal Invitational,"Apr 15, 2023",NaN,Discus,UMAC Outdoor Performance List,Women
1,"Petersen, Luke",SR-4,Minnesota-Morris,49.51m,St Thomas Tomcat Invitational,"Apr 7, 2023",NaN,Hammer,UMAC Outdoor Performance List,Men
2,"Staryszak, Anthony",FR-1,Minnesota-Morris,47.30m,SMU Cardinal Invitational,"Apr 15, 2023",NaN,Hammer,UMAC Outdoor Performance List,Men
3,"Ohman, Nate",JR-3,Wis.-Superior,43.46m,SMU Cardinal Invitational,"Apr 15, 2023",NaN,Hammer,UMAC Outdoor Performance List,Men
4,"Nye, Cody",JR-3,Minnesota-Morris,42.79m,SMU Cardinal Invitational,"Apr 15, 2023",NaN,Hammer,UMAC Outdoor Performance List,Men
5,"Zepeda, Bryan",SR-4,Minnesota-Morris,39.46m,SMU Cardinal Invitational,"Apr 15, 2023",NaN,Hammer,UMAC Outdoor Performance List,Men
6,"Paulson , Ben",SO-2,Minnesota-Morris,38.82m,SMU Cardinal Invitational,"Apr 15, 2023",NaN,Hammer,UMAC Outdoor Performance List,Men
7,"Thornbrugh, Conor",SO-2,Minnesota-Morris,36.63m,SMU Cardinal Invitational,"Apr 15, 2023",NaN,Hammer,UMAC Outdoor Performance List,Men
8,"Heng, Gideon",FR-1,North Central (Minn.),34.47m,SMU Cardinal Invitational,"Apr 15, 2023",NaN,Hammer,UMAC Outdoor Performance List,Men
9,"Hahm, Isaiah",SR-4,Martin Luther,33.83m,SMU Cardinal Invitational,"Apr 15, 2023",NaN,Hammer,UMAC Outdoor Performance List,Men
10,"Anderson, Joshua",FR-1,North Central (Minn.),30.72m,SMU Cardinal Invitational,"Apr 15, 2023",NaN,Hammer,UMAC Outdoor Performance List,Men
11,"Moldenhauer, Alexander",FR-1,Martin Luther,29.52m,SMU Cardinal Invitational,"Apr 15, 2023",NaN,Hammer,UMAC Outdoor Performance List,Men
12,"Costin, William",JR-3,Martin Luther,25.07m,SMU Cardinal Invitational,"Apr 15, 2023",NaN,Hammer,UMAC Outdoor Performance List,Men
13,"Middleton, Q",SR-4,Northwestern (Minn.),23.90m,SMU Cardinal Invitational,"Apr 15, 2023",NaN,Hammer,UMAC Outdoor Performance List,Men
14,"Johannes, Kelvin",SR-4,Martin Luther,21.91m,SMU Cardinal Invitational,"Apr 15, 2023",NaN,Hammer,UMAC Outdoor Performance List,Men
1,"Hughlett, Kasha",JR-3,Wis.-Superior,43.32m,SMU Cardinal Invitational,"Apr 15, 2023",NaN,Hammer,UMAC Outdoor Performance List,Women
2,"Erickson, Emma",SO-2,Wis.-Superior,33.79m,Rex Foster Twilight,"Apr 7, 2023",NaN,Hammer,UMAC Outdoor Performance List,Women
3,"Baker, Hannah",FR-1,Wis.-Superior,32.83m,Rex Foster Twilight,"Apr 7, 2023",NaN,Hammer,UMAC Outdoor Performance List,Women
4,"Steinbring, Jennifer",SO-2,Minnesota-Morris,32.81m,SMU Cardinal Invitational,"Apr 15, 2023",NaN,Hammer,UMAC Outdoor Performance List,Women
5,"Briggs, Anna",SO-2,Minnesota-Morris,32.54m,SMU Cardinal Invitational,"Apr 15, 2023",NaN,Hammer,UMAC Outdoor Performance List,Women
6,"Overturf, Siri",FR-1,Minnesota-Morris,31.29m,SMU Cardinal Invitational,"Apr 15, 2023",NaN,Hammer,UMAC Outdoor Performance List,Women
7,"Nolte, Elise",FR-1,Martin Luther,31.05m,SMU Cardinal Invitational,"Apr 15, 2023",NaN,Hammer,UMAC Outdoor Performance List,Women
8,"Bader, Sidney",FR-1,Wis.-Superior,27.96m,SMU Cardinal Invitational,"Apr 15, 2023",NaN,Hammer,UMAC Outdoor Performance List,Women
9,"Domke, Leah",FR-1,Martin Luther,27.34m,SMU Cardinal Invitational,"Apr 15, 2023",NaN,Hammer,UMAC Outdoor Performance List,Women
10,"Parsons, Lauren",FR-1,Minnesota-Morris,27.28m,SMU Cardinal Invitational,"Apr 15, 2023",NaN,Hammer,UMAC Outdoor Performance List,Women
11,"Schlei, Ella",FR-1,Martin Luther,26.57m,SMU Cardinal Invitational,"Apr 15, 2023",NaN,Hammer,UMAC Outdoor Performance List,Women
12,"Hagedorn, Emmaline",SO-2,Martin Luther,26.48m,SMU Cardinal Invitational,"Apr 15, 2023",NaN,Hammer,UMAC Outdoor Performance List,Women
13,"Romsdahl, Madelinn",FR-1,Martin Luther,26.16m,SMU Cardinal Invitational,"Apr 15, 2023",NaN,Hammer,UMAC Outdoor Performance List,Women
14,"Big Crow, Kianna",SO-2,Minnesota-Morris,25.99m,SMU Cardinal Invitational,"Apr 15, 2023",NaN,Hammer,UMAC Outdoor Performance List,Women
15,"Gerdes, Alexis",FR-1,Minnesota-Morris,25.90m,SMU Cardinal Invitational,"Apr 15, 2023",NaN,Hammer,UMAC Outdoor Performance List,Women
16,"Jones, MiCayla",SR-4,North Central (Minn.),25.38m,SMU Cardinal Invitational,"Apr 15, 2023",NaN,Hammer,UMAC Outdoor Performance List,Women
17,"Gerdes, Madison",FR-1,Minnesota-Morris,24.61m,SMU Cardinal Invitational,"Apr 15, 2023",NaN,Hammer,UMAC Outdoor Performance List,Women
18,"Johnson, Meghan",FR-1,Martin Luther,23.29m,SMU Cardinal Invitational,"Apr 15, 2023",NaN,Hammer,UMAC Outdoor Performance List,Women
19,"Cox, Sydney",FR-1,Wis.-Superior,20.55m,SMU Cardinal Invitational,"Apr 15, 2023",NaN,Hammer,UMAC Outdoor Performance List,Women
20,"Hoglund, Christina",FR-1,North Central (Minn.),18.27m,SMU Cardinal Invitational,"Apr 15, 2023",NaN,Hammer,UMAC Outdoor Performance List,Women
1,"Thornbrugh, Conor",SO-2,Minnesota-Morris,42.59m,SMU Cardinal Invitational,"Apr 15, 2023",NaN,Javelin,UMAC Outdoor Performance List,Men
2,"Foster, Earl",SO-2,Wis.-Superior,42.45m,Rex Foster Twilight,"Apr 7, 2023",NaN,Javelin,UMAC Outdoor Performance List,Men
3,"Pausch, Colten",SR-4,Crown,42.23m,Bethel Invitational,"Apr 15, 2023",NaN,Javelin,UMAC Outdoor Performance List,Men
4,"Lynch, Garrett",SO-2,Wis.-Superior,35.89m,Rex Foster Twilight,"Apr 7, 2023",NaN,Javelin,UMAC Outdoor Performance List,Men
5,"Bueckers, Robert",FR-1,North Central (Minn.),34.57m,SMU Cardinal Invitational,"Apr 15, 2023",NaN,Javelin,UMAC Outdoor Performance List,Men
6,"Moldenhauer, Alexander",FR-1,Martin Luther,32.57m,SMU Cardinal Invitational,"Apr 15, 2023",NaN,Javelin,UMAC Outdoor Performance List,Men
7,"Gare, Keegan",FR-1,North Central (Minn.),32.37m,SMU Cardinal Invitational,"Apr 15, 2023",NaN,Javelin,UMAC Outdoor Performance List,Men
8,"Anderson, Joshua",FR-1,North Central (Minn.),31.51m,SMU Cardinal Invitational,"Apr 15, 2023",NaN,Javelin,UMAC Outdoor Performance List,Men
9,"Chrenshaw, Christoper",JR-3,Martin Luther,30.41m,SMU Cardinal Invitational,"Apr 15, 2023",NaN,Javelin,UMAC Outdoor Performance List,Men
10,"Holmes, Maxwell",SO-2,Martin Luther,24.93m,SMU Cardinal Invitational,"Apr 15, 2023",NaN,Javelin,UMAC Outdoor Performance List,Men
11,"Simba, Chrino",FR-1,Bethany Lutheran,22.10m,Norse Invite,"Apr 15, 2023",NaN,Javelin,UMAC Outdoor Performance List,Men
1,"Witbrod, Stephanie",SO-2,Bethany Lutheran,34.80m,Norse Invite,"Apr 15, 2023",NaN,Javelin,UMAC Outdoor Performance List,Women
2,"DeQuevedo, Alexxa",JR-3,Wis.-Superior,33.18m,SMU Cardinal Invitational,"Apr 15, 2023",NaN,Javelin,UMAC Outdoor Performance List,Women
3,"Siedow, Kassidy",SO-2,Minnesota-Morris,33.13m,SMU Cardinal Invitational,"Apr 15, 2023",NaN,Javelin,UMAC Outdoor Performance List,Women
4,"Ashton, Emily",FR-1,Northwestern (Minn.),32.84m,SMU Cardinal Invitational,"Apr 15, 2023",NaN,Javelin,UMAC Outdoor Performance List,Women
5,"Gosch, Erika",SR-4,Martin Luther,30.68m,SMU Cardinal Invitational,"Apr 15, 2023",NaN,Javelin,UMAC Outdoor Performance List,Women
6,"Brauer, Elena",FR-1,Martin Luther,28.16m,SMU Cardinal Invitational,"Apr 15, 2023",NaN,Javelin,UMAC Outdoor Performance List,Women
7,"Schmitz, Cora",FR-1,Wis.-Superior,26.15m,SMU Cardinal Invitational,"Apr 15, 2023",NaN,Javelin,UMAC Outdoor Performance List,Women
8,"Parsons, Lauren",FR-1,Minnesota-Morris,25.18m,SMU Cardinal Invitational,"Apr 15, 2023",NaN,Javelin,UMAC Outdoor Performance List,Women
9,"Bader, Sidney",FR-1,Wis.-Superior,22.59m,SMU Cardinal Invitational,"Apr 15, 2023",NaN,Javelin,UMAC Outdoor Performance List,Women
